nombre,apellido,email,telefono
Dasya,Drake,ddrake0@independent.co.uk,+237 475 209 5619
Glynnis,Gummoe,ggummoe1@furl.net,+504 102 664 8056
Katrina,Darlaston,kdarlaston2@opera.com,+86 248 983 9892
Kalvin,Jillett,kjillett3@simplemachines.org,+86 224 811 8613
Bev,Austin,baustin4@infoseek.co.jp,+255 585 279 3284
Claudianus,Calderhead,ccalderhead5@nps.gov,+7 925 318 2072
Gavan,Tremayle,gtremayle6@mediafire.com,+86 451 863 7910
Georgie,Bater,gbater7@zdnet.com,+358 759 479 2931
Caron,Bagenal,cbagenal8@google.co.jp,+63 833 449 7041
Katee,Kropach,kkropach9@creativecommons.org,+62 621 401 5103
Steffane,Murfin,smurfina@shutterfly.com,+92 571 901 3244
Cortney,Baggot,cbaggotb@economist.com,+54 746 479 3944
Thaddus,Bartholomaus,tbartholomausc@example.com,+385 420 397 8115
Henryetta,Fominov,hfominovd@chron.com,+55 211 790 0878
Padraig,Balthasar,pbalthasare@indiatimes.com,+66 268 913 2613
Delmor,Ferroni,dferronif@redcross.org,+1 477 586 6635
Liesa,Purnell,lpurnellg@wired.com,+86 290 394 4382
Thia,Van Schafflaer,tvanschafflaerh@blogger.com,+86 250 267 9987
Ashlee,Woodrooffe,awoodrooffei@ted.com,+374 551 331 1973
Norine,Malser,nmalserj@timesonline.co.uk,+63 270 900 3565
Dewey,Mulran,dmulrank@yandex.ru,+63 741 767 4615
Trixy,McKenna,tmckennal@eventbrite.com,+593 319 925 7399
Trix,Seabridge,tseabridgem@dmoz.org,+86 397 926 1484
Curtis,Dockrell,cdockrelln@squarespace.com,+86 833 424 9352
Minny,Frift,mfrifto@google.ru,+351 652 896 4916
Silas,Ellcome,sellcomep@deliciousdays.com,+358 436 761 0993
Filippo,Degg,fdeggq@last.fm,+86 747 589 8712
Kalle,Rodway,krodwayr@dagondesign.com,+81 631 873 4341
Kinny,Rosenblatt,krosenblatts@nba.com,+86 925 969 0448
Scotti,Brazur,sbrazurt@springer.com,+84 780 841 2338
Gawen,Caulkett,gcaulkettu@comcast.net,+46 335 341 6818
Ermentrude,Goscar,egoscarv@addthis.com,+502 462 988 2337
Xylia,Sedgwick,xsedgwickw@yelp.com,+7 762 137 4055
Fredek,Hellwich,fhellwichx@youtu.be,+374 174 322 5548
Cornie,Gallager,cgallagery@surveymonkey.com,+7 123 562 6608
Vince,Print,vprintz@ameblo.jp,+48 566 417 0399
Darren,Gregorio,dgregorio10@51.la,+63 330 226 6556
Claudia,Lemanu,clemanu11@smugmug.com,+84 835 192 4868
Ingaberg,Rist,irist12@wunderground.com,+385 254 776 9030
Harbert,MacGilrewy,hmacgilrewy13@thetimes.co.uk,+963 326 118 6455
Sabrina,Castellet,scastellet14@ocn.ne.jp,+387 340 289 4341
Findlay,Litherborough,flitherborough15@histats.com,+62 247 786 2980
Carlye,Brookwell,cbrookwell16@mozilla.org,+1 895 744 6224
Dorey,Howen,dhowen17@whitehouse.gov,+359 699 154 5945
Mirilla,Burrett,mburrett18@google.com.au,+33 650 376 5259
Dwayne,Harback,dharback19@abc.net.au,+33 936 608 5098
Lincoln,Lackie,llackie1a@ifeng.com,+62 797 800 7497
Hinda,Shearmur,hshearmur1b@wikia.com,+54 792 498 7348
Glynis,Franken,gfranken1c@yale.edu,+58 321 813 9816
Adolpho,Tree,atree1d@auda.org.au,+86 151 101 4548
Maurizio,Ginity,mginity1e@dyndns.org,+84 491 502 9676
Hanna,Beckham,hbeckham1f@nsw.gov.au,+62 642 492 3699
Arlina,Sinnett,asinnett1g@timesonline.co.uk,+47 199 161 9292
Devora,L' Anglois,dlanglois1h@edublogs.org,+358 724 527 1193
Bella,Bunney,bbunney1i@bbc.co.uk,+55 855 791 4728
Gerianne,Josephs,gjosephs1j@theglobeandmail.com,+86 108 938 5075
Terri,Sazio,tsazio1k@vistaprint.com,+55 686 754 8728
Trent,Heenan,theenan1l@4shared.com,+355 102 138 2704
Briant,D'Adda,bdadda1m@wikipedia.org,+377 237 957 3706
Price,Silbermann,psilbermann1n@senate.gov,+55 348 398 4845
Drud,Colombier,dcolombier1o@jugem.jp,+63 397 311 5259
Pavia,Whyte,pwhyte1p@dagondesign.com,+62 732 229 0432
Rachel,Cowan,rcowan1q@slideshare.net,+7 173 738 2792
Edgar,Radloff,eradloff1r@example.com,+86 637 928 5450
Marlee,Sharer,msharer1s@patch.com,+260 608 913 4005
Ailsun,Gorcke,agorcke1t@dropbox.com,+381 968 276 4447
Duky,Scates,dscates1u@quantcast.com,+55 827 730 4504
Keelby,Beedle,kbeedle1v@zdnet.com,+63 436 920 5598
Penni,Guille,pguille1w@ucsd.edu,+86 733 485 1106
Twila,Kingstne,tkingstne1x@apache.org,+63 830 538 4099
Audry,Ladson,aladson1y@businesswire.com,+98 853 248 9711
Sherwin,Jan,sjan1z@tripadvisor.com,+1 239 140 1267
Drona,Scrivinor,dscrivinor20@samsung.com,+30 887 878 9718
Waite,Benning,wbenning21@deliciousdays.com,+86 995 205 6762
Tiffanie,Joy,tjoy22@canalblog.com,+86 854 883 4147
Evaleen,Hanselmann,ehanselmann23@ebay.com,+218 724 286 3298
Emmalee,Detloff,edetloff24@nature.com,+506 982 943 5568
Ewart,Maker,emaker25@netlog.com,+44 894 833 6351
Kikelia,Tommasi,ktommasi26@comcast.net,+7 596 853 3400
Arden,Deedes,adeedes27@liveinternet.ru,+33 444 518 3310
Carrol,Henrichs,chenrichs28@reddit.com,+7 670 163 0838
Bard,Sharville,bsharville29@joomla.org,+7 496 793 1963
Della,Elington,delington2a@live.com,+86 985 824 7056
Cathe,Jiri,cjiri2b@t.co,+62 722 446 7795
Joann,Haensel,jhaensel2c@pbs.org,+63 612 755 0706
Ardra,Laws,alaws2d@mediafire.com,+57 521 665 1034
Phoebe,Blagbrough,pblagbrough2e@hibu.com,+33 243 995 8916
Odilia,Boothebie,oboothebie2f@reference.com,+49 622 805 8004
Olia,Treske,otreske2g@hatena.ne.jp,+54 986 568 2722
Angele,McAughtrie,amcaughtrie2h@army.mil,+1 209 112 8786
Weider,Forri,wforri2i@slashdot.org,+380 176 806 3843
Kariotta,Kuhn,kkuhn2j@usnews.com,+55 963 772 5923
Eugenie,Agdahl,eagdahl2k@xing.com,+86 241 997 2016
Maurits,Landsborough,mlandsborough2l@4shared.com,+52 400 548 9169
Kermy,MacArd,kmacard2m@jugem.jp,+7 711 761 6573
Flor,Sharple,fsharple2n@jugem.jp,+62 469 698 4757
Osbourne,Vigers,ovigers2o@bluehost.com,+380 696 556 2891
Noami,Kures,nkures2p@techcrunch.com,+86 501 290 8170
Datha,Jost,djost2q@biglobe.ne.jp,+63 476 118 8372
Benji,Shoulder,bshoulder2r@yellowpages.com,+7 221 574 4462
Tabatha,Mordue,tmordue2s@360.cn,+251 405 882 1489
Aretha,Fitzsimon,afitzsimon2t@howstuffworks.com,+62 407 966 1698
Crissy,Anespie,canespie2u@xing.com,+62 616 101 9223
Hilly,Skoof,hskoof2v@tuttocitta.it,+54 278 914 7089
Audrey,Huonic,ahuonic2w@ebay.co.uk,+7 677 166 1060
Morly,Kneath,mkneath2x@123-reg.co.uk,+62 941 369 5187
Bent,Holstein,bholstein2y@ask.com,+7 805 695 2679
Gardner,Dominy,gdominy2z@tmall.com,+7 852 913 5951
Ted,Gascard,tgascard30@homestead.com,+355 765 829 9191
Miguelita,Poleye,mpoleye31@shop-pro.jp,+1 719 939 7139
Mara,Norgan,mnorgan32@narod.ru,+385 712 385 7656
Malynda,Laing,mlaing33@diigo.com,+86 763 210 5873
Henry,Brooke,hbrooke34@bloglovin.com,+63 914 567 2929
Papageno,Kippax,pkippax35@usda.gov,+60 409 403 3185
Dewie,Cuzen,dcuzen36@woothemes.com,+998 417 469 0929
Vachel,Bakeup,vbakeup37@google.pl,+20 257 126 5316
Berty,Upwood,bupwood38@etsy.com,+55 290 283 2170
Bridie,Smeaton,bsmeaton39@edublogs.org,+63 345 764 4882
Merissa,Corneljes,mcorneljes3a@vkontakte.ru,+252 356 526 1555
Eden,Wilcox,ewilcox3b@webeden.co.uk,+55 666 590 1818
Mendy,Rockall,mrockall3c@engadget.com,+7 602 219 5077
Boone,Liverseege,bliverseege3d@nationalgeographic.com,+998 358 222 0212
Debbi,Aberhart,daberhart3e@cdc.gov,+48 464 133 6596
Renelle,Trowill,rtrowill3f@foxnews.com,+256 727 561 5962
Rozalin,Omrod,romrod3g@google.co.jp,+1 702 957 6249
Jamil,Ramalhete,jramalhete3h@sphinn.com,+62 395 458 5869
Howard,Murby,hmurby3i@xinhuanet.com,+351 527 169 9957
Susanna,Eagan,seagan3j@reuters.com,+54 632 969 9217
Darcee,Toke,dtoke3k@google.ca,+86 899 803 3617
Geoffrey,Tawton,gtawton3l@360.cn,+62 320 430 3118
Korey,Bynert,kbynert3m@apache.org,+264 124 506 6067
Joby,Conquest,jconquest3n@quantcast.com,+84 360 628 8197
Chen,Phelips,cphelips3o@bbb.org,+267 843 988 2456
Martino,Klamman,mklamman3p@walmart.com,+374 232 490 6328
Marline,Kesteven,mkesteven3q@miitbeian.gov.cn,+48 804 396 9218
Siobhan,Allenby,sallenby3r@nydailynews.com,+86 920 533 3643
George,Gasparro,ggasparro3s@sbwire.com,+84 592 848 5721
Whitaker,Valens-Smith,wvalenssmith3t@weebly.com,+86 151 155 8841
Willie,Piggrem,wpiggrem3u@bloglovin.com,+1 512 801 9066
Roddy,Hanaford,rhanaford3v@samsung.com,+506 979 853 0312
Ilse,Stonham,istonham3w@skyrock.com,+86 945 278 3422
Gerrie,Audrey,gaudrey3x@g.co,+505 148 578 3440
Rheta,McConway,rmcconway3y@bloglines.com,+242 911 176 0453
Janean,Elverstone,jelverstone3z@ucoz.ru,+63 961 471 3571
Renae,Fache,rfache40@nba.com,+63 592 358 4740
Bertrando,Ring,bring41@nymag.com,+255 215 835 6702
Ulberto,Terrill,uterrill42@woothemes.com,+86 657 968 8249
Friederike,Whereat,fwhereat43@illinois.edu,+7 272 140 4127
Dot,MacCawley,dmaccawley44@qq.com,+98 288 995 1342
Dode,Austin,daustin45@cafepress.com,+62 400 691 9955
Isidor,Liggens,iliggens46@telegraph.co.uk,+46 780 893 5737
Kristian,Cliff,kcliff47@yolasite.com,+420 595 758 8993
Roberta,Aleksahkin,raleksahkin48@chronoengine.com,+86 854 843 0403
Leone,Di Boldi,ldiboldi49@phpbb.com,+86 830 448 6762
Siana,Older,solder4a@360.cn,+7 817 743 5664
Carlynn,Weigh,cweigh4b@biblegateway.com,+237 939 576 6653
Dewey,Bremond,dbremond4c@sbwire.com,+55 881 702 4048
Effie,Yackiminie,eyackiminie4d@nhs.uk,+31 775 592 0544
Rainer,Brobeck,rbrobeck4e@scribd.com,+55 511 808 4163
Flemming,Kinsley,fkinsley4f@phoca.cz,+60 559 430 1825
Marianne,Kleinhaus,mkleinhaus4g@meetup.com,+86 676 556 7495
Christabel,McMains,cmcmains4h@craigslist.org,+86 369 850 9941
Robb,Capelow,rcapelow4i@privacy.gov.au,+86 157 377 1392
Ellette,Bingall,ebingall4j@globo.com,+55 769 996 7674
Almeria,Tregensoe,atregensoe4k@people.com.cn,+212 265 623 5599
Kara,Pilipyak,kpilipyak4l@canalblog.com,+212 699 569 0493
Jerrold,Danielsson,jdanielsson4m@ameblo.jp,+92 905 903 1603
Averill,Biggadyke,abiggadyke4n@home.pl,+7 985 608 3333
Ileana,Giraudot,igiraudot4o@quantcast.com,+233 976 662 0956
Clea,Jirka,cjirka4p@baidu.com,+1 310 549 8457
Lynelle,Stollenberg,lstollenberg4q@omniture.com,+66 111 304 4849
Bradly,Cowell,bcowell4r@usda.gov,+51 614 829 5901
Orsa,Chancellor,ochancellor4s@e-recht24.de,+86 942 811 7819
Ransom,Lightowlers,rlightowlers4t@amazonaws.com,+46 268 289 7578
Shurlock,Archanbault,sarchanbault4u@sun.com,+86 324 719 9029
Gael,Gilphillan,ggilphillan4v@nih.gov,+226 179 159 1425
Bevin,Waszkiewicz,bwaszkiewicz4w@ezinearticles.com,+62 856 388 0016
Viviyan,Mannagh,vmannagh4x@eepurl.com,+62 734 945 0081
Moise,Danielot,mdanielot4y@techcrunch.com,+62 919 568 8030
Brand,Noyce,bnoyce4z@dmoz.org,+964 866 448 3962
Helaine,Toal,htoal50@cnbc.com,+62 295 162 8788
Betti,Westhead,bwesthead51@ask.com,+1 904 704 3970
Allys,Carmont,acarmont52@g.co,+86 724 742 2137
Micky,Culross,mculross53@lycos.com,+62 115 679 1057
Willie,Elstow,welstow54@dropbox.com,+54 876 422 8326
Trip,Muir,tmuir55@ucsd.edu,+33 639 724 2650
Kippie,Bennington,kbennington56@ox.ac.uk,+63 794 583 7448
Ruttger,Bladen,rbladen57@dell.com,+86 843 153 8958
Ara,Bramhill,abramhill58@squarespace.com,+86 626 280 4633
Simeon,Harbage,sharbage59@loc.gov,+373 697 107 9591
Jessie,Mushett,jmushett5a@ifeng.com,+86 195 137 2017
Esme,Aizikowitz,eaizikowitz5b@ucoz.ru,+81 688 764 9831
Delphine,Lottrington,dlottrington5c@360.cn,+62 600 140 2968
Roxy,Manchett,rmanchett5d@lycos.com,+86 297 432 8413
Sella,Belasco,sbelasco5e@hubpages.com,+1 903 412 2894
Keir,Sancho,ksancho5f@gravatar.com,+48 522 917 2939
Sylas,Vane,svane5g@photobucket.com,+81 617 323 1124
Any,Francescoccio,afrancescoccio5h@mapquest.com,+351 721 520 6094
Marillin,Hunnawill,mhunnawill5i@live.com,+86 591 917 3640
Thornie,Dowglass,tdowglass5j@ocn.ne.jp,+30 985 360 2794
Nathan,Bugdell,nbugdell5k@china.com.cn,+7 793 573 9074
Ambrose,Dranfield,adranfield5l@meetup.com,+52 700 604 0839
Boycey,Ghelerdini,bghelerdini5m@mediafire.com,+7 331 124 5776
Aileen,Rofe,arofe5n@bigcartel.com,+30 483 504 6446
Collen,Farland,cfarland5o@google.com,+86 807 608 7220
Christophorus,Saffon,csaffon5p@paypal.com,+66 869 231 1134
Raynell,Slaymaker,rslaymaker5q@nba.com,+48 219 717 0656
Galven,Gerrey,ggerrey5r@youtube.com,+62 373 618 8469
Terri,Fedorski,tfedorski5s@blogger.com,+353 318 544 1984
Hirsch,Pollicatt,hpollicatt5t@newsvine.com,+62 601 579 4109
Gun,Buff,gbuff5u@google.co.uk,+66 802 729 2953
Bartie,Chotty,bchotty5v@dion.ne.jp,+30 195 622 0375
Di,Akett,dakett5w@wix.com,+63 650 936 4719
Cirstoforo,Courcey,ccourcey5x@goo.gl,+55 319 781 4394
Darcy,Heibel,dheibel5y@china.com.cn,+39 246 380 9129
Tamara,Kilcullen,tkilcullen5z@naver.com,+352 767 112 2693
Pammy,McKomb,pmckomb60@vistaprint.com,+86 443 291 5074
Faydra,Beaven,fbeaven61@elpais.com,+62 889 292 4207
Hedda,Olifaunt,holifaunt62@about.com,+261 137 256 0562
Merrill,Flockhart,mflockhart63@virginia.edu,+86 974 402 7555
Gordy,Ounsworth,gounsworth64@moonfruit.com,+386 914 226 3319
Cosimo,Geillier,cgeillier65@independent.co.uk,+48 734 553 3913
Susan,Ilchuk,silchuk66@ibm.com,+62 601 112 1178
Brice,Shave,bshave67@mozilla.com,+33 223 249 8285
Felicio,Cheesley,fcheesley68@pcworld.com,+54 391 675 6700
Gill,Ody,gody69@stanford.edu,+63 898 452 9314
Silvia,Vale,svale6a@epa.gov,+62 630 442 6876
Papagena,Cattroll,pcattroll6b@wunderground.com,+1 650 423 4403
Minny,Powderham,mpowderham6c@uiuc.edu,+48 906 329 2710
Kerr,Sleep,ksleep6d@economist.com,+54 516 364 5402
Jephthah,Dobrovolny,jdobrovolny6e@fda.gov,+221 257 447 9074
Melly,Jirka,mjirka6f@prnewswire.com,+66 623 922 6038
Audre,Attwoull,aattwoull6g@foxnews.com,+86 287 133 2848
Oralie,Duer,oduer6h@wp.com,+389 233 251 7914
Doe,Zanicchelli,dzanicchelli6i@mac.com,+51 354 203 6840
Cassandra,Hairsine,chairsine6j@opensource.org,+7 167 352 6558
Janene,Refford,jrefford6k@washington.edu,+86 665 284 4738
Thorvald,Pennoni,tpennoni6l@bloomberg.com,+27 309 381 0278
Stanley,Keers,skeers6m@istockphoto.com,+53 525 454 5180
Ellyn,Tripney,etripney6n@hp.com,+48 405 426 6073
Consuelo,Kornyshev,ckornyshev6o@issuu.com,+54 666 777 4660
Wendel,Tern,wtern6p@google.cn,+62 896 208 8308
Merla,Waite,mwaite6q@cbsnews.com,+48 371 401 4607
Rurik,Bolino,rbolino6r@ning.com,+62 382 168 6851
Abbie,Drescher,adrescher6s@comsenz.com,+1 859 810 2678
Orly,Erskine,oerskine6t@ox.ac.uk,+269 337 785 9693
Jewelle,Saice,jsaice6u@wired.com,+504 619 321 2887
Verney,Havelin,vhavelin6v@scribd.com,+81 944 821 9920
Stefa,Everitt,severitt6w@theglobeandmail.com,+7 252 653 1784
Buckie,Floweth,bfloweth6x@dyndns.org,+81 118 881 0168
Godfrey,Gernier,ggernier6y@t.co,+976 631 749 2617
Gregor,Southam,gsoutham6z@japanpost.jp,+86 284 810 1001
Rhoda,Sissland,rsissland70@vinaora.com,+386 803 622 2663
Rebbecca,Akroyd,rakroyd71@parallels.com,+86 106 283 1088
Glenine,Hurnell,ghurnell72@vimeo.com,+7 370 894 3959
Eveline,Batson,ebatson73@delicious.com,+86 868 118 3345
Antonie,Muris,amuris74@java.com,+351 908 828 5356
Des,Hallibone,dhallibone75@telegraph.co.uk,+7 966 776 1364
Aldis,Kristiansen,akristiansen76@google.co.uk,+81 947 591 3622
Kissee,Semble,ksemble77@artisteer.com,+86 610 529 8129
Myranda,Reddin,mreddin78@hibu.com,+57 254 539 6268
Munmro,Jacketts,mjacketts79@mozilla.com,+1 952 943 5038
Guillermo,Chataignier,gchataignier7a@instagram.com,+46 406 502 6997
Hedvig,Elce,helce7b@webmd.com,+52 370 893 7611
Haywood,Fyfield,hfyfield7c@seattletimes.com,+385 130 580 5425
Claudine,Brodley,cbrodley7d@telegraph.co.uk,+359 185 591 7626
Mohandas,McCroft,mmccroft7e@cornell.edu,+52 517 644 3764
Katalin,Snalum,ksnalum7f@wikipedia.org,+63 733 801 1299
Abner,Booeln,abooeln7g@baidu.com,+55 328 698 6636
Gan,Antoons,gantoons7h@businesswire.com,+353 840 414 1641
Torey,Sutherel,tsutherel7i@springer.com,+51 184 825 1503
Barth,Blakemore,bblakemore7j@people.com.cn,+33 402 398 7405
Theodoric,Mabb,tmabb7k@naver.com,+62 350 295 8383
Kristoforo,Bembridge,kbembridge7l@reddit.com,+55 348 863 8220
Tedda,Knutton,tknutton7m@illinois.edu,+62 210 215 5769
Fitzgerald,Gyde,fgyde7n@java.com,+62 481 106 5835
Lydia,Cossentine,lcossentine7o@sitemeter.com,+81 657 374 3431
Guinna,Peplaw,gpeplaw7p@wufoo.com,+62 724 323 9660
Ealasaid,McGeneay,emcgeneay7q@phpbb.com,+55 578 577 5887
Artemas,Yashaev,ayashaev7r@github.io,+31 218 503 9059
Carin,Budden,cbudden7s@discuz.net,+353 312 912 7145
Franky,Feild,ffeild7t@globo.com,+66 472 108 2716
Stefa,Leale,sleale7u@salon.com,+62 971 867 5649
Andrei,Buttfield,abuttfield7v@wordpress.com,+47 138 686 2942
Denice,Filgate,dfilgate7w@loc.gov,+51 987 507 2697
Giacomo,Alfonsetto,galfonsetto7x@bravesites.com,+234 255 678 3245
Judd,Alway,jalway7y@istockphoto.com,+55 326 237 1193
Madeleine,Lynde,mlynde7z@zdnet.com,+62 865 263 1315
Kissie,Bountiff,kbountiff80@adobe.com,+55 560 985 6031
Pippo,Vain,pvain81@google.com.br,+351 908 128 2865
Georas,Canto,gcanto82@nih.gov,+351 201 443 3558
Nicol,Shermar,nshermar83@last.fm,+60 167 678 6440
Lindsy,Ledwith,lledwith84@jalbum.net,+502 214 388 4756
Terrell,Beevers,tbeevers85@lycos.com,+86 385 255 2230
Dennie,Dunnett,ddunnett86@google.it,+1 404 136 0816
Torrin,Rappa,trappa87@foxnews.com,+86 642 666 3303
Sig,Morteo,smorteo88@businesswire.com,+62 343 487 4639
Kelbee,Coniff,kconiff89@salon.com,+7 754 950 3855
Jamie,Marchand,jmarchand8a@accuweather.com,+52 210 112 0967
Liza,Palmby,lpalmby8b@typepad.com,+1 699 511 3116
Flossi,Barton,fbarton8c@domainmarket.com,+86 321 798 6240
Lyndsey,Tollady,ltollady8d@state.tx.us,+62 563 713 4611
Warner,Beney,wbeney8e@tumblr.com,+251 592 814 5470
Gerald,Lamburne,glamburne8f@stumbleupon.com,+62 530 445 9193
Lauretta,Strickler,lstrickler8g@tinyurl.com,+46 879 948 6615
Dru,Mayhow,dmayhow8h@eventbrite.com,+86 203 199 1280
Lock,Kauschke,lkauschke8i@fema.gov,+86 779 545 4472
Esmeralda,Baynton,ebaynton8j@php.net,+46 548 256 5827
Ilario,Grinyer,igrinyer8k@angelfire.com,+63 329 304 8287
Ulrikaumeko,Liverseege,uliverseege8l@google.cn,+47 656 156 5814
Gabriella,Ghidotti,gghidotti8m@usa.gov,+504 516 970 0336
Kenneth,Barday,kbarday8n@spotify.com,+81 991 661 4108
Ailee,Jeannot,ajeannot8o@nsw.gov.au,+30 528 914 9526
Shoshana,Delacour,sdelacour8p@noaa.gov,+51 584 236 1548
Lotta,Cordeux,lcordeux8q@com.com,+63 916 175 9811
Patton,Karolovsky,pkarolovsky8r@upenn.edu,+49 684 125 9001
Natka,Cordingly,ncordingly8s@phpbb.com,+33 876 855 2010
Elmo,Forestel,eforestel8t@unblog.fr,+55 586 139 4035
Ardith,McPeeters,amcpeeters8u@ted.com,+33 825 365 1506
Hyatt,McCutheon,hmccutheon8v@opera.com,+509 664 680 1791
Dre,Neles,dneles8w@microsoft.com,+1 901 721 7895
Emlen,Malecky,emalecky8x@usa.gov,+420 620 913 3986
Roze,Nealon,rnealon8y@ovh.net,+46 786 403 3985
Yvor,Hadley,yhadley8z@youtu.be,+86 612 629 1824
Ephrem,Meaney,emeaney90@dailymail.co.uk,+241 714 805 4599
Joycelin,Korbmaker,jkorbmaker91@apache.org,+57 438 908 5137
Mira,Dicey,mdicey92@alibaba.com,+63 866 815 2922
Isaac,Kleinzweig,ikleinzweig93@vinaora.com,+66 625 311 6820
Bernie,Abrahamson,babrahamson94@csmonitor.com,+420 628 514 6375
Lenci,Wycliff,lwycliff95@paypal.com,+86 516 208 5548
Chloette,Spadoni,cspadoni96@xinhuanet.com,+55 511 957 0908
Meredith,Styche,mstyche97@skyrock.com,+55 234 290 1517
Lacie,Brickett,lbrickett98@mediafire.com,+976 216 721 8197
Cathee,Drinkhall,cdrinkhall99@cbslocal.com,+86 870 362 1291
Irwinn,Dibden,idibden9a@nydailynews.com,+505 442 471 0545
Zorana,Lambdin,zlambdin9b@dion.ne.jp,+33 298 525 2369
Rosanne,Crate,rcrate9c@accuweather.com,+351 886 641 7068
Yetta,Bootell,ybootell9d@wikispaces.com,+86 477 492 1683
Heriberto,Moses,hmoses9e@ning.com,+420 818 653 0823
Hamnet,Camel,hcamel9f@house.gov,+63 655 229 7355
Toiboid,Fattore,tfattore9g@php.net,+48 588 522 4055
Roxi,Silversmidt,rsilversmidt9h@sogou.com,+590 805 453 2223
Caitrin,Brookhouse,cbrookhouse9i@marriott.com,+86 790 163 9967
Meyer,Sacher,msacher9j@oaic.gov.au,+55 548 791 9896
Say,Haddow,shaddow9k@comcast.net,+62 820 193 2618
Leigh,De Bischop,ldebischop9l@webeden.co.uk,+7 172 157 6081
Terrence,Bathurst,tbathurst9m@vinaora.com,+7 163 370 7328
Mathilda,Lipyeat,mlipyeat9n@tmall.com,+62 853 641 8640
Dolores,Aubrey,daubrey9o@t-online.de,+351 792 524 3366
Katalin,Marcum,kmarcum9p@sourceforge.net,+33 210 469 3366
Auroora,Georgel,ageorgel9q@i2i.jp,+54 326 610 2419
Selby,Bester,sbester9r@weather.com,+234 991 966 7098
Roberto,Plascott,rplascott9s@squidoo.com,+54 769 308 6718
Hansiain,Duckers,hduckers9t@people.com.cn,+241 816 456 6608
Rey,Angless,rangless9u@huffingtonpost.com,+86 866 912 4019
Marena,Abate,mabate9v@europa.eu,+7 362 818 8139
Carlye,Shorthill,cshorthill9w@indiatimes.com,+62 948 135 0518
Javier,Kainz,jkainz9x@buzzfeed.com,+86 136 705 4610
Godart,Westerman,gwesterman9y@amazon.de,+62 602 946 2778
Addie,Yarr,ayarr9z@blogtalkradio.com,+86 575 984 4004
Blakeley,Sollam,bsollama0@studiopress.com,+86 124 903 5880
Jenelle,Seckington,jseckingtona1@github.com,+55 606 469 5360
Ulrikaumeko,McCombe,umccombea2@sina.com.cn,+1 312 767 0975
Baillie,Garken,bgarkena3@angelfire.com,+7 810 326 9352
Cristal,Vsanelli,cvsanellia4@sciencedaily.com,+62 974 419 3142
Katrine,Lightowlers,klightowlersa5@addtoany.com,+46 476 586 6205
Ilysa,Blazek,iblazeka6@creativecommons.org,+86 827 456 8956
Delainey,Popeley,dpopeleya7@studiopress.com,+48 973 293 4715
Dori,Fussey,dfusseya8@sakura.ne.jp,+62 506 384 6147
Madeleine,Dick,mdicka9@patch.com,+351 127 560 7744
Riane,Quince,rquinceaa@nsw.gov.au,+1 619 192 0167
Guglielmo,Sloam,gsloamab@wikimedia.org,+252 925 896 8544
Sanders,Goodluck,sgoodluckac@e-recht24.de,+1 513 855 8338
Dode,Lathwood,dlathwoodad@phpbb.com,+998 542 232 3967
Port,Collumbine,pcollumbineae@indiatimes.com,+62 554 487 7939
Sheridan,Taborre,staborreaf@google.pl,+7 423 475 4297
Prudy,Eitter,peitterag@wunderground.com,+86 191 849 7400
Michal,Redish,mredishah@topsy.com,+62 438 723 7379
Yale,Carah,ycarahai@time.com,+62 345 229 2500
Anders,Matashkin,amatashkinaj@prnewswire.com,+20 645 697 3846
Rayna,Grandin,rgrandinak@google.cn,+30 860 164 8923
Jerrie,Sidden,jsiddenal@salon.com,+506 831 234 8042
Killie,Hodges,khodgesam@bigcartel.com,+48 678 903 9745
Kalvin,Greader,kgreaderan@list-manage.com,+351 988 700 3231
Gerhard,Sugarman,gsugarmanao@meetup.com,+62 391 632 2575
Sibyl,Dowderswell,sdowderswellap@about.me,+234 282 771 5529
Adorne,Ortells,aortellsaq@yale.edu,+375 749 319 6096
Guthrey,Ivanilov,givanilovar@goodreads.com,+62 978 683 5262
Sherye,McGifford,smcgiffordas@mac.com,+62 685 454 1900
Cordie,Storey,cstoreyat@51.la,+62 405 184 7877
Waiter,Wallbanks,wwallbanksau@ehow.com,+7 501 726 5028
Nettie,Barras,nbarrasav@blogs.com,+994 229 648 5137
Fidole,Jamary,fjamaryaw@studiopress.com,+51 839 311 5975
Constancy,Kenealy,ckenealyax@a8.net,+880 875 890 2412
Averill,Arrol,aarrolay@marriott.com,+7 523 872 2454
Oralie,Storre,ostorreaz@google.com,+33 576 301 4861
Warren,Showler,wshowlerb0@scientificamerican.com,+52 312 479 7626
Serene,McDougal,smcdougalb1@biglobe.ne.jp,+236 374 411 9741
Jana,Korn,jkornb2@sohu.com,+1 916 494 0831
Woodrow,Johanning,wjohanningb3@yelp.com,+84 134 155 1204
Raymund,Tiesman,rtiesmanb4@army.mil,+62 795 234 0157
Annmaria,Gorusso,agorussob5@youku.com,+86 686 813 2784
Arley,Verbeke,averbekeb6@disqus.com,+60 233 950 3456
Hermina,Juden,hjudenb7@wikispaces.com,+62 475 670 8574
Chic,Pocknoll,cpocknollb8@devhub.com,+63 132 337 9751
Manfred,Lilion,mlilionb9@ed.gov,+86 159 847 5884
Leone,Opy,lopyba@washingtonpost.com,+55 111 715 2671
Kendal,Belford,kbelfordbb@list-manage.com,+62 430 642 1402
Efrem,Bull,ebullbc@cisco.com,+63 388 970 8535
Frederica,Warsap,fwarsapbd@ed.gov,+62 217 330 6178
Lissie,Jendrusch,ljendruschbe@list-manage.com,+976 648 415 4418
Ralf,Colwill,rcolwillbf@gmpg.org,+52 706 356 5912
Jamil,Patry,jpatrybg@yandex.ru,+850 563 931 1387
Kristy,Tees,kteesbh@prnewswire.com,+33 226 954 0138
Elwyn,Strephan,estrephanbi@twitter.com,+46 314 538 3475
Netti,Barfford,nbarffordbj@opera.com,+93 997 834 7597
Jackqueline,Godfery,jgodferybk@163.com,+86 589 628 3409
Will,Topliss,wtoplissbl@g.co,+86 305 400 2937
Trude,Angood,tangoodbm@xinhuanet.com,+46 461 342 7361
Etta,Shackelton,eshackeltonbn@geocities.com,+62 546 941 1545
Traci,Faire,tfairebo@jigsy.com,+63 924 352 8741
Garrot,Abbess,gabbessbp@examiner.com,+63 152 824 4959
Hi,Reditt,hredittbq@51.la,+33 532 241 1839
Huberto,Folks,hfolksbr@virginia.edu,+48 755 303 1940
Dall,Dooman,ddoomanbs@seesaa.net,+86 382 342 3924
Alexandr,McIsaac,amcisaacbt@delicious.com,+93 806 944 4420
Elfrida,De Launde,edelaundebu@latimes.com,+62 315 433 0077
Jory,MacConnal,jmacconnalbv@wikimedia.org,+55 611 932 4589
Gabrila,Kleeborn,gkleebornbw@youtu.be,+504 268 487 4801
Franklin,Twell,ftwellbx@reference.com,+54 218 746 9373
Terri-jo,Pattesall,tpattesallby@rediff.com,+234 302 140 8430
Mehetabel,Leguay,mleguaybz@bizjournals.com,+62 751 998 3993
Barbaraanne,McLanachan,bmclanachanc0@biblegateway.com,+46 251 122 0189
Scarlet,Chieco,schiecoc1@berkeley.edu,+30 311 489 0205
Lucais,Grimston,lgrimstonc2@nationalgeographic.com,+62 755 545 2825
Jocelyne,Boutwell,jboutwellc3@imdb.com,+48 545 824 4704
Diandra,Rose,drosec4@cpanel.net,+880 465 421 5060
Yasmin,Boyn,yboync5@booking.com,+86 902 615 0353
Nell,Danit,ndanitc6@chronoengine.com,+63 643 350 4276
Binky,Nuttall,bnuttallc7@stumbleupon.com,+7 711 353 6228
Gail,O'Doghesty,godoghestyc8@ameblo.jp,+1 952 466 4117
Marney,Norree,mnorreec9@delicious.com,+81 597 100 7797
Sonnie,Palleske,spalleskeca@microsoft.com,+54 253 570 6879
Adelaide,Brauner,abraunercb@newyorker.com,+66 607 536 4842
Kayle,Croydon,kcroydoncc@imdb.com,+86 254 684 5704
Cristobal,Itshak,citshakcd@dot.gov,+972 725 927 4648
Gilemette,Jakubiak,gjakubiakce@nifty.com,+86 141 492 3925
Arlen,Moan,amoancf@psu.edu,+263 284 945 9257
Cherida,Wincom,cwincomcg@reddit.com,+7 500 989 8342
Prent,Glidden,pgliddench@nyu.edu,+93 989 415 7672
Lisetta,Garrettson,lgarrettsonci@howstuffworks.com,+62 811 567 8101
Robena,Sayes,rsayescj@cam.ac.uk,+7 728 237 5874
Isabelita,Romera,iromerack@sfgate.com,+63 322 884 1119
Damaris,Semper,dsempercl@shop-pro.jp,+93 628 391 3260
Burk,Deporte,bdeportecm@jigsy.com,+51 491 900 7039
Karyl,Winscom,kwinscomcn@skyrock.com,+62 441 735 1724
Misty,Regina,mreginaco@japanpost.jp,+7 854 240 7433
Cher,Parfett,cparfettcp@forbes.com,+351 633 944 8569
Tracey,Karpov,tkarpovcq@fc2.com,+86 628 523 5229
Crichton,Balma,cbalmacr@mozilla.org,+504 830 171 4152
Morey,Eddis,meddiscs@yellowbook.com,+962 794 177 5137
Kendricks,Ashwood,kashwoodct@ed.gov,+62 804 403 2413
Vidovic,Cappleman,vcapplemancu@networkadvertising.org,+86 680 697 2074
Shina,Bridgman,sbridgmancv@marriott.com,+212 309 808 3193
Keven,McKaile,kmckailecw@hhs.gov,+55 916 693 5788
Amargo,Spendley,aspendleycx@ocn.ne.jp,+51 714 323 7138
Faber,Boxill,fboxillcy@ocn.ne.jp,+46 214 290 6281
Zorana,Brake,zbrakecz@privacy.gov.au,+86 909 831 8319
Clair,Buer,cbuerd0@gravatar.com,+55 509 391 0363
Dori,Cowans,dcowansd1@virginia.edu,+86 863 983 1926
Guenevere,Thurlbeck,gthurlbeckd2@tiny.cc,+60 481 660 4683
Theadora,Tilley,ttilleyd3@vkontakte.ru,+353 708 517 9439
Brannon,Stoakes,bstoakesd4@soundcloud.com,+86 189 487 3822
Ondrea,Sandbatch,osandbatchd5@hibu.com,+51 663 152 2413
Livia,Dawdary,ldawdaryd6@mysql.com,+86 201 709 1954
Fenelia,Randalson,frandalsond7@ucoz.ru,+1 887 618 2466
Wynn,Bootton,wboottond8@tumblr.com,+46 897 299 6874
Gene,Venour,gvenourd9@ft.com,+86 904 194 0122
Kaleb,Senter,ksenterda@amazon.co.jp,+81 206 161 5132
Von,Dumingo,vdumingodb@yelp.com,+226 254 308 7189
Joby,Wescott,jwescottdc@loc.gov,+86 324 237 6126
Christy,Perrelle,cperrelledd@cdbaby.com,+31 764 278 0355
Lula,Aylott,laylottde@cbsnews.com,+224 472 304 2194
Neddie,Brammer,nbrammerdf@cam.ac.uk,+380 395 940 7069
Jarret,Cunnow,jcunnowdg@bloomberg.com,+55 120 143 9541
Pooh,Blei,pbleidh@house.gov,+86 929 811 9399
Oliver,Blaxland,oblaxlanddi@sfgate.com,+86 711 972 2520
Harrietta,Itzkovici,hitzkovicidj@npr.org,+46 191 704 6061
Fernandina,Ciani,fcianidk@wisc.edu,+1 916 553 2774
Erma,Defries,edefriesdl@blogtalkradio.com,+86 459 272 3312
Douglas,Ruspine,druspinedm@umn.edu,+86 636 636 5524
Trumann,Heathfield,theathfielddn@census.gov,+502 401 295 1464
Tammie,Worsfold,tworsfolddo@diigo.com,+7 250 734 7333
Artemus,Piscopo,apiscopodp@blogs.com,+505 394 298 9815
Jania,Brabant,jbrabantdq@github.io,+7 846 918 3428
Lincoln,Davidovics,ldavidovicsdr@histats.com,+48 903 255 4513
Taffy,Cotterill,tcotterillds@sourceforge.net,+62 954 484 9570
Silva,Mailey,smaileydt@home.pl,+86 984 160 8712
Fidole,Bainton,fbaintondu@odnoklassniki.ru,+995 504 396 4292
Tallou,Brand-Hardy,tbrandhardydv@trellian.com,+420 390 536 6190
Far,Hryskiewicz,fhryskiewiczdw@plala.or.jp,+45 598 635 4158
Shamus,De Few,sdefewdx@tumblr.com,+7 723 434 6518
Arlyne,Mulqueeny,amulqueenydy@tiny.cc,+352 780 637 0717
Cindie,Francillo,cfrancillodz@gmpg.org,+7 277 150 3150
Marten,Khadir,mkhadire0@webmd.com,+33 786 211 9693
Rutter,Merle,rmerlee1@digg.com,+596 114 800 3484
Linn,Sellen,lsellene2@mapy.cz,+994 481 103 2132
Zachery,Ricardet,zricardete3@netscape.com,+1 209 262 1951
Britteny,Purkins,bpurkinse4@dailymotion.com,+86 268 385 2542
Raffarty,Darrington,rdarringtone5@aol.com,+86 638 794 2975
Ellen,Ricoald,ericoalde6@qq.com,+20 469 633 2910
Barclay,Daw,bdawe7@digg.com,+62 590 259 0570
Georgy,Abbott,gabbotte8@soundcloud.com,+355 996 724 6454
Skyler,Lanaway,slanawaye9@networkadvertising.org,+856 655 920 0828
Marie-ann,Wickstead,mwicksteadea@ifeng.com,+62 428 333 3019
Yvon,Choke,ychokeeb@51.la,+48 660 427 3598
Tiffie,Yedy,tyedyec@wired.com,+62 293 670 7366
Adella,Ledamun,aledamuned@businesswire.com,+62 393 914 3472
Kennedy,McIvor,kmcivoree@ted.com,+86 351 976 2663
Cammi,Witts,cwittsef@adobe.com,+55 782 602 6981
Rosamond,Blonfield,rblonfieldeg@ox.ac.uk,+86 353 700 5217
Ginny,Josum,gjosumeh@irs.gov,+62 312 975 1974
Ingamar,Lambal,ilambalei@ihg.com,+351 602 276 6971
Fayina,Colthurst,fcolthurstej@blogger.com,+62 874 377 9612
Nicolea,Chattington,nchattingtonek@wikia.com,+7 762 839 3424
Lonnie,Harlow,lharlowel@pagesperso-orange.fr,+48 330 716 9167
Rosie,Lineen,rlineenem@about.com,+54 634 373 2303
Ruby,Rebert,rreberten@ed.gov,+86 566 245 5424
Brittaney,Boswell,bboswelleo@discovery.com,+86 224 415 1219
Emlen,Berrigan,eberriganep@wix.com,+251 288 901 1176
Tessy,Capelin,tcapelineq@imdb.com,+86 253 333 0431
Leicester,Graeme,lgraemeer@trellian.com,+62 908 587 8972
Samaria,Bolin,sbolines@imdb.com,+86 167 407 8144
Heidi,Falconar,hfalconaret@ebay.co.uk,+33 380 487 5756
Lauretta,Leonarde,lleonardeeu@tinyurl.com,+46 839 558 4192
Inglis,Hallihane,ihallihaneev@dot.gov,+55 703 717 0115
Hortensia,Connachan,hconnachanew@vkontakte.ru,+86 359 660 7131
Cleveland,Callar,ccallarex@lulu.com,+86 939 777 5455
Garfield,Gisburn,ggisburney@ezinearticles.com,+234 272 180 1644
Chiquita,Eagland,ceaglandez@amazon.co.uk,+84 278 316 2786
Aharon,Pidgeley,apidgeleyf0@360.cn,+48 341 182 9553
Estele,Vaughton,evaughtonf1@marketwatch.com,+81 506 939 1316
Roz,Bett,rbettf2@washingtonpost.com,+86 920 288 4023
Samaria,Labeuil,slabeuilf3@marriott.com,+1 804 387 0214
Lucian,Kibel,lkibelf4@tinyurl.com,+86 214 211 0690
Mohandis,Heijne,mheijnef5@creativecommons.org,+86 149 614 4146
Hilliary,Tran,htranf6@vkontakte.ru,+972 359 522 4889
Tan,Stedall,tstedallf7@youku.com,+1 404 130 7008
Enrico,Grewcock,egrewcockf8@dropbox.com,+62 131 961 2553
Carmel,Yankishin,cyankishinf9@netvibes.com,+269 670 724 4978
Aube,Noel,anoelfa@reference.com,+92 213 504 9837
Con,Demead,cdemeadfb@ftc.gov,+84 738 753 1511
Abeu,Dolley,adolleyfc@smh.com.au,+263 796 975 0068
Olympia,Ashborne,oashbornefd@umich.edu,+218 943 510 6516
Elmore,Ablett,eablettfe@nifty.com,+46 751 369 5836
Alanah,Tiddy,atiddyff@umn.edu,+966 211 627 8075
Allistir,Eve,aevefg@wikispaces.com,+31 971 791 7362
Scottie,Hazel,shazelfh@epa.gov,+56 818 397 3769
Celina,Matthewman,cmatthewmanfi@photobucket.com,+880 529 887 4162
Dasha,Mosley,dmosleyfj@unblog.fr,+57 754 705 8529
Brand,Maddison,bmaddisonfk@plala.or.jp,+86 559 737 9302
Connie,MacIlory,cmaciloryfl@miibeian.gov.cn,+86 608 578 6042
Victoria,Speedin,vspeedinfm@spiegel.de,+53 767 794 4510
Merry,Tithecote,mtithecotefn@usatoday.com,+62 899 220 8041
Drugi,Dorre,ddorrefo@youtube.com,+351 129 246 8605
Adriane,Simnel,asimnelfp@merriam-webster.com,+86 676 545 6832
Alidia,Kees,akeesfq@wordpress.com,+62 850 434 1164
Sigrid,Drissell,sdrissellfr@businesswire.com,+86 375 412 7353
Charmion,Monnoyer,cmonnoyerfs@t.co,+1 805 519 2045
Darya,Seaking,dseakingft@craigslist.org,+381 874 711 3931
Bing,Lidyard,blidyardfu@sourceforge.net,+48 465 836 4588
Binky,Gunda,bgundafv@taobao.com,+86 370 457 5703
Adela,Selwyne,aselwynefw@multiply.com,+420 279 298 7730
Marcelia,Gregoire,mgregoirefx@wufoo.com,+7 361 186 5492
Albrecht,Korneichik,akorneichikfy@sphinn.com,+375 392 202 5920
Brittne,Blodg,bblodgfz@apple.com,+62 907 636 6415
Holly-anne,Haley,hhaleyg0@cloudflare.com,+7 925 475 3649
Dolph,Biscomb,dbiscombg1@about.me,+1 360 485 3659
Bethanne,Klampk,bklampkg2@redcross.org,+86 655 747 2864
Lenora,Van Dalen,lvandaleng3@printfriendly.com,+880 577 848 1736
Natka,Raistrick,nraistrickg4@hp.com,+33 888 213 3301
Ethyl,Ciepluch,eciepluchg5@squidoo.com,+86 708 196 1301
Adorne,Truitt,atruittg6@phpbb.com,+355 106 436 9398
Vaclav,De la Yglesia,vdelayglesiag7@tripod.com,+86 548 140 8587
Meredithe,Canizares,mcanizaresg8@nifty.com,+7 760 764 3543
Neille,Blinman,nblinmang9@twitter.com,+55 319 738 7022
Renaud,Suerz,rsuerzga@mysql.com,+593 762 918 9283
Forester,Elstob,felstobgb@163.com,+63 640 183 9767
Rand,Piniur,rpiniurgc@prweb.com,+86 201 544 3084
Kristien,Andryunin,kandryuningd@telegraph.co.uk,+86 918 453 9381
Lissie,Doag,ldoagge@arstechnica.com,+92 296 274 5244
Beniamino,Kerry,bkerrygf@xing.com,+234 163 125 3697
Emelyne,Pacitti,epacittigg@discuz.net,+62 165 598 9944
Humfried,Warrior,hwarriorgh@seesaa.net,+53 414 469 4917
Allissa,De Domenico,adedomenicogi@fema.gov,+374 942 730 1113
Rois,Ragless,rraglessgj@addthis.com,+81 738 591 8195
Jeana,Crumpton,jcrumptongk@tripadvisor.com,+7 208 846 6059
Laurene,Lyndon,llyndongl@tamu.edu,+680 893 824 0667
Locke,Olliffe,lolliffegm@mysql.com,+86 563 725 4386
Renelle,Truggian,rtruggiangn@sakura.ne.jp,+66 270 568 5041
Penelopa,Fincken,pfinckengo@army.mil,+54 996 423 4204
Zackariah,Nassie,znassiegp@cbslocal.com,+7 868 179 7363
Marthe,Liddicoat,mliddicoatgq@dot.gov,+353 874 411 8813
Aridatha,Steffans,asteffansgr@mapy.cz,+48 241 686 2849
Niki,Gage,ngagegs@github.io,+27 378 561 2013
Lynelle,Pharoah,lpharoahgt@dyndns.org,+86 856 308 8242
Costa,Cowtherd,ccowtherdgu@cpanel.net,+86 794 269 1134
Gaylor,Kuhle,gkuhlegv@list-manage.com,+86 121 941 8297
Chaim,Aberdeen,caberdeengw@cnet.com,+62 868 569 3775
Lara,Gotcliff,lgotcliffgx@newsvine.com,+385 913 734 6965
Jamaal,Rostern,jrosterngy@multiply.com,+63 158 805 4223
Harlan,Follen,hfollengz@moonfruit.com,+48 859 192 9275
Hurlee,Saph,hsaphh0@imdb.com,+81 514 870 3841
Andrey,Bover,aboverh1@naver.com,+47 940 416 5501
Deni,Meadley,dmeadleyh2@hao123.com,+7 201 664 3268
Gavrielle,Shapter,gshapterh3@skype.com,+31 349 487 4006
Sonya,Hiscoe,shiscoeh4@artisteer.com,+269 334 466 4923
Elsworth,Dibben,edibbenh5@vinaora.com,+212 864 852 4522
Jaimie,Greenset,jgreenseth6@merriam-webster.com,+53 738 883 6837
Letisha,Chanson,lchansonh7@wix.com,+51 567 397 1832
Charisse,Roll,crollh8@nps.gov,+7 801 523 2519
Yehudi,Gingel,ygingelh9@delicious.com,+62 333 965 5546
Siffre,Wedgwood,swedgwoodha@jiathis.com,+86 895 457 9173
Rancell,Dymoke,rdymokehb@youku.com,+46 799 153 7300
Cordy,Skillett,cskilletthc@yahoo.com,+51 293 762 3998
Emanuel,Clashe,eclashehd@mtv.com,+33 409 283 6530
Dulcea,Schafer,dschaferhe@bing.com,+47 583 914 5623
Arley,Pringour,apringourhf@walmart.com,+48 825 371 6527
Gill,Fatkin,gfatkinhg@cam.ac.uk,+48 281 390 2989
Gannie,Fidelli,gfidellihh@nba.com,+505 364 471 7556
Marmaduke,Thayre,mthayrehi@berkeley.edu,+62 145 724 9299
Elton,Forsythe,eforsythehj@nih.gov,+7 581 789 8422
Yvor,Humbatch,yhumbatchhk@slideshare.net,+1 801 211 2447
Slade,Preator,spreatorhl@tuttocitta.it,+86 297 135 7305
Celestyn,Matyugin,cmatyuginhm@devhub.com,+234 795 249 7856
Nollie,Fullerlove,nfullerlovehn@kickstarter.com,+62 175 687 6839
Steffi,Thrustle,sthrustleho@marketwatch.com,+504 306 248 0964
Zora,Jodlkowski,zjodlkowskihp@samsung.com,+1 404 187 2281
Merrill,Farmer,mfarmerhq@npr.org,+63 305 670 5121
Winnie,Sallnow,wsallnowhr@merriam-webster.com,+1 353 590 6654
Monika,Candwell,mcandwellhs@salon.com,+86 757 322 3493
Cicily,Billington,cbillingtonht@huffingtonpost.com,+48 377 387 3538
Tiff,Blumire,tblumirehu@pen.io,+353 531 652 8495
Malvin,Falls,mfallshv@engadget.com,+86 457 285 9562
Estele,Rubra,erubrahw@patch.com,+1 637 837 8321
Gerri,Poundsford,gpoundsfordhx@list-manage.com,+63 536 151 4152
Scarface,Westwick,swestwickhy@noaa.gov,+86 846 567 2547
Jamima,Goves,jgoveshz@gravatar.com,+84 876 342 6981
Steffie,Plastow,splastowi0@odnoklassniki.ru,+351 489 727 0082
Marie-jeanne,Fryd,mfrydi1@t-online.de,+81 861 569 0571
Jessie,Megroff,jmegroffi2@sogou.com,+57 283 334 2574
Georgette,Pietranek,gpietraneki3@upenn.edu,+1 214 435 0986
Catha,Balk,cbalki4@ycombinator.com,+1 772 600 9097
Virginia,Bourgourd,vbourgourdi5@posterous.com,+86 661 943 7299
Lizzy,Northwood,lnorthwoodi6@odnoklassniki.ru,+48 328 850 8505
Miguelita,Blitz,mblitzi7@typepad.com,+86 211 158 1871
Helaine,Radolf,hradolfi8@wix.com,+216 590 991 4136
Angelita,Skeermer,askeermeri9@geocities.com,+55 518 505 1500
Rowen,Stolworthy,rstolworthyia@nsw.gov.au,+54 467 712 7937
Erhard,Haglington,ehaglingtonib@businessweek.com,+86 926 749 4673
Leigh,Diplock,ldiplockic@slideshare.net,+886 825 136 4597
Jaclyn,Balint,jbalintid@aboutads.info,+86 150 787 8767
Bale,Sprull,bsprullie@exblog.jp,+998 790 531 7170
Rosmunda,Rapp,rrappif@shutterfly.com,+62 696 437 7886
Bernadina,Andri,bandriig@usnews.com,+56 137 477 9000
Rhys,Vinnick,rvinnickih@nps.gov,+63 132 373 9734
Hew,Canto,hcantoii@scribd.com,+62 394 483 4998
Raphaela,Cartledge,rcartledgeij@columbia.edu,+66 403 918 3131
Andy,Maddicks,amaddicksik@blogtalkradio.com,+7 578 360 1135
Rees,Hellikes,rhellikesil@de.vu,+51 700 328 3267
Vevay,Amberger,vambergerim@g.co,+7 800 218 8228
Michael,Ibarra,mibarrain@wix.com,+62 275 381 6013
Diane,Beteriss,dbeterissio@tiny.cc,+86 892 407 0419
Raul,Kuzemka,rkuzemkaip@desdev.cn,+81 184 144 7797
Grata,Kanter,gkanteriq@vimeo.com,+55 403 406 0747
Cedric,Anyene,canyeneir@engadget.com,+62 128 782 2469
Sheela,Wilhelmy,swilhelmyis@ucoz.ru,+63 381 906 6271
Lou,Addie,laddieit@multiply.com,+7 595 127 7500
Vanya,Gallico,vgallicoiu@berkeley.edu,+86 787 897 5068
Wolfie,Culpin,wculpiniv@webnode.com,+62 804 501 2242
Constantina,Kupker,ckupkeriw@jiathis.com,+48 573 156 7978
Brittney,Fideler,bfidelerix@paginegialle.it,+1 432 444 7840
Ruthanne,Cosgrove,rcosgroveiy@acquirethisname.com,+48 982 436 5035
Demetria,Welford,dwelfordiz@fastcompany.com,+62 988 812 3507
Kristan,Juckes,kjuckesj0@flickr.com,+86 428 828 4455
Eve,Risley,erisleyj1@gov.uk,+63 559 860 0689
Staffard,Brimblecombe,sbrimblecombej2@liveinternet.ru,+86 534 817 7224
Catie,Spritt,csprittj3@spiegel.de,+55 953 244 8046
Yolanda,O'Luby,yolubyj4@reference.com,+238 469 686 5287
Farlie,Devereux,fdevereuxj5@amazon.com,+66 381 858 1802
Beverley,Birden,bbirdenj6@scientificamerican.com,+970 850 403 5683
Lucina,Beaton,lbeatonj7@un.org,+972 926 411 9143
Ceil,Empson,cempsonj8@blogger.com,+86 906 272 6988
Elias,Teodorski,eteodorskij9@java.com,+976 223 606 5793
Noami,Hambatch,nhambatchja@sciencedaily.com,+47 858 296 6242
Denise,Castelletti,dcastellettijb@un.org,+62 323 227 1993
Sebastien,Francesc,sfrancescjc@fc2.com,+670 345 419 2936
Austin,Strewther,astrewtherjd@google.com,+251 412 549 2323
Iorgo,Ingrey,iingreyje@irs.gov,+63 342 691 6516
Lynnet,Thrussell,lthrusselljf@is.gd,+86 896 122 7189
Matthus,Bowkett,mbowkettjg@qq.com,+994 993 983 2042
Izabel,Bulfoot,ibulfootjh@acquirethisname.com,+225 509 687 5418
Webster,Hanssmann,whanssmannji@kickstarter.com,+54 919 158 5881
Hilary,Sanzio,hsanziojj@gov.uk,+86 951 802 0796
Stanislaw,Lidgard,slidgardjk@google.it,+7 508 397 6186
Meriel,Hurley,mhurleyjl@sakura.ne.jp,+86 144 375 8565
Koo,Creer,kcreerjm@nature.com,+33 619 485 8513
Cull,Salling,csallingjn@slideshare.net,+86 537 875 9759
Bess,Zecchinii,bzecchiniijo@nbcnews.com,+81 938 723 5828
Florian,Lighterness,flighternessjp@sfgate.com,+506 271 851 5164
Hermy,Manes,hmanesjq@technorati.com,+371 618 953 3571
Tymothy,Sappson,tsappsonjr@loc.gov,+51 426 847 1156
Jacques,Ros,jrosjs@google.de,+55 838 237 5367
Nikki,Gelly,ngellyjt@google.com.hk,+373 795 573 0386
Jenda,Lago,jlagoju@php.net,+7 455 210 3511
Meade,Leggatt,mleggattjv@about.com,+86 963 249 9261
Lilian,Hornung,lhornungjw@uol.com.br,+98 456 943 1557
Symon,Farrey,sfarreyjx@paginegialle.it,+81 112 214 6386
Noble,O'Doohaine,nodoohainejy@deviantart.com,+62 824 333 0943
Kiel,Drewe,kdrewejz@geocities.com,+221 188 466 2180
Grissel,Peeke,gpeekek0@go.com,+420 984 150 0327
Homere,Pragnell,hpragnellk1@noaa.gov,+86 519 328 4526
Maddalena,Gillfillan,mgillfillank2@example.com,+66 776 166 1571
Rossie,Skewis,rskewisk3@odnoklassniki.ru,+33 143 317 9126
Sharron,Polendine,spolendinek4@newyorker.com,+81 246 555 7921
Samara,Kenion,skenionk5@youku.com,+86 431 584 8690
Margaretta,Luberti,mlubertik6@seesaa.net,+86 240 476 3733
Dru,Menis,dmenisk7@icq.com,+94 484 866 4739
Katharyn,Schapiro,kschapirok8@businesswire.com,+62 773 555 8404
Mylo,Cranch,mcranchk9@google.ca,+86 975 743 9036
Dacy,Seckington,dseckingtonka@dagondesign.com,+504 642 900 3822
Patrice,Froude,pfroudekb@yolasite.com,+62 259 809 4903
Arlette,Osment,aosmentkc@gizmodo.com,+33 142 286 0752
Bernardine,Beardow,bbeardowkd@sohu.com,+64 549 166 7405
Auria,Brandrick,abrandrickke@geocities.jp,+7 633 321 4221
Rolfe,Itzkovsky,ritzkovskykf@cdbaby.com,+52 480 424 1477
Leigh,Tuff,ltuffkg@thetimes.co.uk,+691 281 452 1203
Ham,Benitti,hbenittikh@pbs.org,+62 178 452 6067
Kelsey,Seagood,kseagoodki@youtube.com,+63 196 626 8696
Christian,Lampkin,clampkinkj@cdbaby.com,+55 654 381 4453
Cybil,Skellen,cskellenkk@ucsd.edu,+57 361 313 2831
Claresta,Canty,ccantykl@google.com.au,+86 326 583 5183
Amanda,Vannacci,avannaccikm@yahoo.com,+1 214 607 6601
Julienne,Saggs,jsaggskn@ucsd.edu,+297 683 754 1239
Arvin,Lopez,alopezko@pinterest.com,+380 215 199 5350
Saundra,Stathor,sstathorkp@cisco.com,+86 464 715 7322
Antons,Attack,aattackkq@over-blog.com,+55 589 672 8611
Brooke,Bernon,bbernonkr@simplemachines.org,+63 610 139 4073
Magnum,Filipchikov,mfilipchikovks@bravesites.com,+237 579 471 7799
Nannie,Libby,nlibbykt@freewebs.com,+7 730 770 2807
Walther,Ferre,wferreku@lycos.com,+62 712 685 5962
Ruby,Horstead,rhorsteadkv@timesonline.co.uk,+62 303 463 4956
Meriel,Northeast,mnortheastkw@eepurl.com,+86 184 446 7247
Goldie,Nana,gnanakx@nifty.com,+33 732 729 1486
Netta,Saltern,nsalternky@cmu.edu,+229 119 158 9756
Chip,Mongin,cmonginkz@devhub.com,+378 316 580 0905
Gaynor,Dymock,gdymockl0@baidu.com,+86 334 480 5967
Rebeka,MacGauhy,rmacgauhyl1@surveymonkey.com,+57 898 863 7493
Jamima,Palombi,jpalombil2@studiopress.com,+380 999 824 0994
Roseann,Eberz,reberzl3@economist.com,+504 865 211 9202
Lethia,Grent,lgrentl4@umn.edu,+48 703 570 4290
Crissie,Burdoun,cburdounl5@qq.com,+86 794 353 3090
Andra,Glayzer,aglayzerl6@edublogs.org,+7 805 647 2331
Alphard,Rawson,arawsonl7@sitemeter.com,+48 834 342 8805
Adriano,Tapenden,atapendenl8@msn.com,+420 104 676 6892
Penny,Deary,pdearyl9@zimbio.com,+389 502 392 5460
Georgetta,Kirwin,gkirwinla@privacy.gov.au,+507 300 625 5510
Hilda,Ebanks,hebankslb@jiathis.com,+692 476 678 3045
Caresse,Casely,ccaselylc@uiuc.edu,+86 147 863 1393
Warde,Mablestone,wmablestoneld@smugmug.com,+1 801 848 0966
Wye,Gallacher,wgallacherle@yahoo.com,+420 200 600 0411
Torrin,Leveritt,tleverittlf@imageshack.us,+55 287 888 8657
Davine,Tewkesberry,dtewkesberrylg@fastcompany.com,+7 585 158 5252
Yankee,Enriques,yenriqueslh@parallels.com,+57 452 714 6834
Evie,Hardwidge,ehardwidgeli@symantec.com,+420 928 377 9138
Matthaeus,MacVicar,mmacvicarlj@over-blog.com,+381 734 467 0024
Court,Rowter,crowterlk@printfriendly.com,+63 914 365 6005
Gregg,Chidlow,gchidlowll@shutterfly.com,+54 951 176 6895
Ingrim,Ginman,iginmanlm@telegraph.co.uk,+57 995 520 0375
Murvyn,Rait,mraitln@un.org,+242 545 507 7974
Kaitlynn,Wield,kwieldlo@xing.com,+86 784 581 0462
Gerrilee,Strover,gstroverlp@discuz.net,+502 692 936 4620
Jorgan,Ropp,jropplq@opensource.org,+595 579 584 8696
Wade,Paike,wpaikelr@home.pl,+63 919 734 0690
Coreen,Heeley,cheeleyls@illinois.edu,+7 244 270 6184
Winifield,Fowell,wfowelllt@nbcnews.com,+351 226 345 2686
Ardys,Trewett,atrewettlu@netscape.com,+86 738 376 7376
Mada,McKmurrie,mmckmurrielv@sciencedaily.com,+386 540 371 8902
Vernon,Liffey,vliffeylw@barnesandnoble.com,+57 374 449 4323
Kassia,Nunnerley,knunnerleylx@drupal.org,+46 584 136 3578
Tiffany,Tatters,ttattersly@wikia.com,+66 824 658 1136
Cindi,O'Connolly,coconnollylz@japanpost.jp,+81 648 558 8263
Olivette,Heinzel,oheinzelm0@nasa.gov,+66 763 988 3051
Clyde,Pittwood,cpittwoodm1@disqus.com,+86 183 542 8757
Shirline,Reinmar,sreinmarm2@cam.ac.uk,+48 104 449 9316
Claudianus,Blaydes,cblaydesm3@usda.gov,+33 555 643 4753
Malinda,Andreaccio,mandreacciom4@boston.com,+353 714 642 0284
Antonietta,Pedler,apedlerm5@soup.io,+86 848 199 3756
Saunder,Harken,sharkenm6@stumbleupon.com,+66 343 636 4781
Deeanne,Overal,doveralm7@examiner.com,+86 176 107 7077
Elmore,Caspell,ecaspellm8@yelp.com,+27 875 303 1966
Hobart,Chidzoy,hchidzoym9@prweb.com,+86 918 583 9065
Gilemette,Capper,gcapperma@merriam-webster.com,+212 203 618 2072
Arlana,Glowach,aglowachmb@bbc.co.uk,+963 529 763 9804
Georgie,Weatherburn,gweatherburnmc@examiner.com,+46 813 803 8357
Malvina,Halcro,mhalcromd@merriam-webster.com,+93 990 674 5832
Harriott,Bertomier,hbertomierme@acquirethisname.com,+86 218 600 6054
Nolly,Swatridge,nswatridgemf@ask.com,+92 634 687 8789
Inez,Rochford,irochfordmg@ox.ac.uk,+86 576 505 0679
Sapphire,Wong,swongmh@opera.com,+1 794 625 1020
Cash,Sommers,csommersmi@rediff.com,+420 485 772 6962
Audy,Plitz,aplitzmj@ftc.gov,+7 152 399 5016
Ozzie,Banck,obanckmk@lycos.com,+1 602 712 7739
Jada,Northleigh,jnorthleighml@acquirethisname.com,+86 856 506 5033
Estel,Costelow,ecostelowmm@cnn.com,+51 565 268 1249
Paulie,Recher,prechermn@omniture.com,+7 797 692 8463
Rosana,Brettor,rbrettormo@youku.com,+7 614 119 6315
Sybil,Acedo,sacedomp@smugmug.com,+51 336 618 8858
Noelle,Seldner,nseldnermq@jimdo.com,+33 650 886 4314
Jacquie,Ishchenko,jishchenkomr@cloudflare.com,+255 247 934 8442
Nico,Skene,nskenems@blogger.com,+66 653 422 9925
Malina,Brecknall,mbrecknallmt@acquirethisname.com,+86 357 692 6151
Webb,Riseborough,wriseboroughmu@cnet.com,+7 175 988 8385
Hyacinthe,Gladhill,hgladhillmv@angelfire.com,+54 393 692 8207
Alessandro,Gillopp,agilloppmw@utexas.edu,+62 256 836 2329
Deane,Krabbe,dkrabbemx@ebay.com,+380 822 532 6199
Karla,Stickford,kstickfordmy@jimdo.com,+86 962 209 8530
Fedora,Howkins,fhowkinsmz@nps.gov,+86 197 157 7783
Isa,Mohun,imohunn0@nps.gov,+86 401 865 5985
Olivie,Danell,odanelln1@goo.ne.jp,+385 493 151 1115
Hermann,Nyssens,hnyssensn2@xrea.com,+420 616 933 8129
Filmore,Killeley,fkilleleyn3@ed.gov,+81 624 161 5521
Berti,Lansdown,blansdownn4@patch.com,+692 366 998 3312
Madison,Kingzet,mkingzetn5@stumbleupon.com,+86 350 980 7582
Jacquette,Deery,jdeeryn6@quantcast.com,+44 330 981 7626
Dodi,Fursse,dfurssen7@multiply.com,+86 133 436 7718
Alphonse,Adney,aadneyn8@netscape.com,+30 118 565 1457
Nevil,Winsiowiecki,nwinsiowieckin9@issuu.com,+86 937 567 1601
Skyler,Halford,shalfordna@webeden.co.uk,+351 625 513 0936
Vevay,Spoors,vspoorsnb@abc.net.au,+33 855 562 2239
Libbie,Toms,ltomsnc@wordpress.com,+1 251 212 0454
Ronica,Benneton,rbennetonnd@google.fr,+33 344 653 9759
Sasha,Corkell,scorkellne@dyndns.org,+54 875 445 6886
Ira,Voss,ivossnf@creativecommons.org,+86 799 856 5937
Jaymie,Carvell,jcarvellng@google.it,+48 573 243 5347
Kelley,Catterell,kcatterellnh@csmonitor.com,+63 750 775 5964
Gnni,Cussins,gcussinsni@goodreads.com,+351 613 481 2640
Tamqrah,Tincknell,ttincknellnj@livejournal.com,+86 868 366 9261
Delbert,Wigmore,dwigmorenk@ifeng.com,+86 334 623 7085
Leigh,Rivaland,lrivalandnl@163.com,+358 660 806 1953
Sherlocke,Rosenzwig,srosenzwignm@blogger.com,+86 793 401 2945
Benny,Spaunton,bspauntonnn@unc.edu,+84 345 574 5920
Grata,Exposito,gexpositono@shinystat.com,+212 643 741 1222
Durante,Kirk,dkirknp@ft.com,+86 506 733 5343
Hedvige,Kilgrew,hkilgrewnq@bloomberg.com,+371 117 915 0087
Chickie,O'Keaveny,cokeavenynr@liveinternet.ru,+598 856 120 5703
Randee,Chatwin,rchatwinns@engadget.com,+86 960 926 5929
Sephira,Beals,sbealsnt@jigsy.com,+380 357 603 2388
Blondelle,Foulsham,bfoulshamnu@google.de,+383 832 273 3057
Arlyn,Kobpac,akobpacnv@chron.com,+670 786 663 3125
Ginger,Crew,gcrewnw@example.com,+86 996 926 2390
Oberon,Marryatt,omarryattnx@mediafire.com,+33 251 908 1067
Rhody,Rate,rrateny@altervista.org,+62 561 273 8874
Catherin,Chandler,cchandlernz@cbsnews.com,+55 485 303 8093
Garfield,Richardes,grichardeso0@smugmug.com,+63 572 584 7029
Janifer,Kleint,jkleinto1@icq.com,+33 477 952 9276
Ilise,Siverns,isivernso2@wikispaces.com,+86 573 758 7000
Ernie,Bolens,ebolenso3@cpanel.net,+7 160 527 2475
Jamey,Sim,jsimo4@chronoengine.com,+48 141 140 5023
Myranda,Fillon,mfillono5@4shared.com,+63 998 259 1640
Cole,Nussii,cnussiio6@irs.gov,+62 800 155 5092
Kari,Mussard,kmussardo7@google.co.uk,+33 214 887 3396
Cam,Dudney,cdudneyo8@hibu.com,+62 377 643 8355
Justina,Jennison,jjennisono9@bing.com,+62 750 588 6550
Tracey,Rustman,trustmanoa@dagondesign.com,+62 162 866 4963
Felice,Hedan,fhedanob@craigslist.org,+57 571 557 9292
Stillman,Hallex,shallexoc@google.nl,+389 542 747 5636
Daile,Fretwell,dfretwellod@blogs.com,+46 294 486 8012
Blaire,Cocozza,bcocozzaoe@sitemeter.com,+86 983 586 7735
Hetty,Fancet,hfancetof@miibeian.gov.cn,+86 184 510 4945
Suzi,Keyzor,skeyzorog@engadget.com,+30 944 357 2405
Marquita,Cattermull,mcattermulloh@imageshack.us,+33 224 970 0423
Nan,Sibery,nsiberyoi@yellowpages.com,+92 137 722 4057
Garrick,Breeds,gbreedsoj@utexas.edu,+81 437 989 5551
Nananne,Pepall,npepallok@ning.com,+54 486 404 3679
Edita,Fernando,efernandool@nba.com,+62 986 415 4629
Eleni,Vellender,evellenderom@g.co,+62 546 498 5706
Andonis,McSaul,amcsaulon@vk.com,+420 337 788 2982
Bard,Puleston,bpulestonoo@etsy.com,+57 355 910 4078
Cathy,Davenhall,cdavenhallop@unesco.org,+86 281 749 8381
Basile,Freda,bfredaoq@goo.ne.jp,+33 562 186 6718
Collete,O'Reilly,coreillyor@bluehost.com,+86 566 934 0818
Sinclare,Pawle,spawleos@behance.net,+62 848 930 1133
Adelaide,Weson,awesonot@nationalgeographic.com,+505 161 898 5403
Adham,Henniger,ahennigerou@dailymail.co.uk,+86 859 248 1015
Ariel,Whelband,awhelbandov@exblog.jp,+375 108 485 3708
Norrie,Oley,noleyow@baidu.com,+46 512 682 1673
Jessee,Sudran,jsudranox@unc.edu,+86 165 986 3910
Alastair,Lain,alainoy@cpanel.net,+62 113 785 2717
Curtice,Fawthorpe,cfawthorpeoz@yellowbook.com,+380 964 323 2729
Wilbert,Danjoie,wdanjoiep0@yellowbook.com,+51 820 702 8991
Sergei,Jerams,sjeramsp1@vkontakte.ru,+502 696 972 8219
Tabitha,Viner,tvinerp2@twitpic.com,+46 359 242 8000
Finley,Wenn,fwennp3@hao123.com,+54 565 999 6282
Breanne,Atwell,batwellp4@canalblog.com,+86 374 462 8722
Traci,Cypler,tcyplerp5@multiply.com,+86 570 571 3055
Chaddy,Elegood,celegoodp6@aboutads.info,+234 869 361 9100
Kat,Ilyenko,kilyenkop7@reddit.com,+57 421 933 5384
Xavier,Hammelberg,xhammelbergp8@arstechnica.com,+86 643 910 7387
Aretha,Bosden,abosdenp9@bloglovin.com,+1 573 223 5856
Deerdre,Madre,dmadrepa@pinterest.com,+1 535 230 4742
Anderea,Crispin,acrispinpb@about.me,+1 772 947 9215
Derwin,Surby,dsurbypc@foxnews.com,+55 593 427 4605
Flss,Caffin,fcaffinpd@bbb.org,+62 173 245 9767
Rebecca,Leborgne,rleborgnepe@scribd.com,+52 185 797 0190
Barny,Sargint,bsargintpf@163.com,+1 214 432 7128
June,Rignold,jrignoldpg@springer.com,+7 472 166 8329
Nealon,Dallinder,ndallinderph@toplist.cz,+255 911 545 6276
Jethro,Kirwin,jkirwinpi@npr.org,+670 980 502 4029
Melonie,Morcomb,mmorcombpj@i2i.jp,+250 139 587 9232
Waiter,Learmonth,wlearmonthpk@networksolutions.com,+1 805 659 1417
Addy,Whitelaw,awhitelawpl@zdnet.com,+48 275 462 1993
Elwira,Vampouille,evampouillepm@columbia.edu,+53 241 547 2742
Gil,Carneck,gcarneckpn@squidoo.com,+86 901 473 8930
Glynn,Christopherson,gchristophersonpo@mapquest.com,+62 999 863 3759
Terrence,Pedlingham,tpedlinghampp@blinklist.com,+34 128 774 6526
Giuditta,Guymer,gguymerpq@bloglovin.com,+7 495 352 9791
Lincoln,Lavers,llaverspr@hud.gov,+63 743 895 0785
Alonzo,McCurdy,amccurdyps@cisco.com,+86 589 150 8346
Mathew,Filippov,mfilippovpt@exblog.jp,+7 421 996 1606
Bengt,Montier,bmontierpu@ibm.com,+63 355 624 0628
Bev,Gibberd,bgibberdpv@google.fr,+1 610 747 9725
Gayleen,Sant,gsantpw@canalblog.com,+63 628 614 3377
Oliviero,Northway,onorthwaypx@ucla.edu,+86 849 712 3981
Nicolas,Tollmache,ntollmachepy@economist.com,+7 182 774 9824
Mureil,Faust,mfaustpz@globo.com,+33 431 181 1871
Paten,Waby,pwabyq0@dion.ne.jp,+256 110 684 5769
Donall,Castana,dcastanaq1@dell.com,+58 766 556 4919
Cross,Frere,cfrereq2@prnewswire.com,+86 469 328 4184
Greg,Paz,gpazq3@indiegogo.com,+593 892 284 1968
Averell,McMaster,amcmasterq4@mac.com,+84 640 671 4642
Wylie,Rosenau,wrosenauq5@vimeo.com,+30 486 275 4143
Dunstan,McGilbon,dmcgilbonq6@bing.com,+381 647 691 0583
Sherwynd,Craigie,scraigieq7@amazon.de,+62 537 517 3092
Sybille,De Dantesie,sdedantesieq8@google.co.uk,+81 998 717 6138
Lindsey,Godfree,lgodfreeq9@cafepress.com,+60 386 233 4091
Doe,Barbe,dbarbeqa@ox.ac.uk,+86 683 336 2488
Dani,Palfreeman,dpalfreemanqb@delicious.com,+380 973 418 3948
Sim,Provost,sprovostqc@webeden.co.uk,+62 721 919 4652
Othilia,Davson,odavsonqd@addthis.com,+86 916 905 7345
Lacie,Fairn,lfairnqe@wsj.com,+351 616 905 8148
Ciro,McLoughlin,cmcloughlinqf@indiegogo.com,+351 190 721 5962
Godart,Lincke,glinckeqg@hubpages.com,+62 527 197 6212
Evangelina,Gillinghams,egillinghamsqh@amazonaws.com,+62 161 398 8303
Allen,Vance,avanceqi@ocn.ne.jp,+374 999 855 1155
Codie,Pavlovic,cpavlovicqj@shinystat.com,+98 246 888 3189
Estrellita,Shills,eshillsqk@vinaora.com,+970 815 468 3885
Cletis,Woodyear,cwoodyearql@slashdot.org,+7 667 289 5204
Dosi,Waghorne,dwaghorneqm@hugedomains.com,+62 681 222 9896
Daisi,Yalden,dyaldenqn@usda.gov,+86 379 221 1604
Prentice,McKeachie,pmckeachieqo@free.fr,+62 286 737 5362
Cristin,Riceards,criceardsqp@google.cn,+54 698 603 1764
Carmelita,Scarce,cscarceqq@cargocollective.com,+46 445 995 5921
Heindrick,Henriques,hhenriquesqr@seattletimes.com,+63 927 388 7388
Elfrida,Eastcourt,eeastcourtqs@constantcontact.com,+62 577 145 3808
Chrissy,Parry,cparryqt@unicef.org,+62 697 855 8554
Correna,Charity,ccharityqu@unicef.org,+86 469 676 1451
Siana,Merry,smerryqv@oaic.gov.au,+48 976 910 5503
Karina,Churcher,kchurcherqw@google.com.br,+992 932 169 1953
Amelia,O'Kielt,aokieltqx@mit.edu,+57 779 308 6075
Ariana,Medforth,amedforthqy@google.co.jp,+86 937 683 2786
Efrem,Freiberg,efreibergqz@samsung.com,+7 362 355 3094
Harper,Wathey,hwatheyr0@nationalgeographic.com,+1 646 283 2345
Anna-maria,Himsworth,ahimsworthr1@seattletimes.com,+51 267 338 1958
Denni,McCathay,dmccathayr2@usatoday.com,+62 314 716 2824
Tiffie,Beckhouse,tbeckhouser3@army.mil,+86 874 706 1735
Temp,Ciccone,tcicconer4@github.com,+57 165 956 2786
Kaila,Gumbrell,kgumbrellr5@deviantart.com,+265 824 213 3863
Damiano,Olman,dolmanr6@usda.gov,+7 919 363 4438
Ardeen,Elen,aelenr7@histats.com,+86 832 766 5733
Sean,Louthe,slouther8@cdc.gov,+86 613 286 2895
Lorenzo,Wakelam,lwakelamr9@sakura.ne.jp,+7 466 647 7976
Felice,Pattle,fpattlera@elegantthemes.com,+55 670 268 6086
Elmore,Pudner,epudnerrb@comsenz.com,+420 722 687 1980
Delila,Hehnke,dhehnkerc@alexa.com,+7 735 878 8336
Bengt,Rime,brimerd@51.la,+92 244 669 4175
Nevin,Bowles,nbowlesre@cbc.ca,+1 316 476 0888
Beverly,Seedull,bseedullrf@freewebs.com,+351 240 688 9038
Ceil,Himpson,chimpsonrg@dmoz.org,+86 459 123 6102
Carly,Rispen,crispenrh@psu.edu,+86 240 190 0288
Roxi,Harsnep,rharsnepri@tripadvisor.com,+86 595 411 3045
Lotta,Leinthall,lleinthallrj@nationalgeographic.com,+62 921 487 1431
Marlie,Wookey,mwookeyrk@sbwire.com,+54 644 633 8410
Cora,Bortoli,cbortolirl@alexa.com,+7 592 677 5172
Filmer,Klazenga,fklazengarm@prnewswire.com,+33 415 255 9034
Araldo,Sikorsky,asikorskyrn@skyrock.com,+230 950 280 3411
Lorita,Blaksley,lblaksleyro@artisteer.com,+51 900 900 5704
Ame,Danelutti,adaneluttirp@narod.ru,+7 979 338 7628
Parnell,April,paprilrq@histats.com,+351 471 963 6899
Judas,Fourcade,jfourcaderr@pen.io,+86 180 796 1710
